{
  "password": "Amr5768",
  "attempts": 32,
  "batch_id": 7,
  "batch_attempts": 4,
  "total_time": 5.772980690002441,
  "batch_time": 5.734010219573975,
  "timestamp": "2025-04-02T17:09:18.857994",
  "success_rate": 5.543063751350685
}